PLAYER_ID,FirstName,LastName,Wins,Losses,PreviousWins,PreviousLosses,PlayerWinPercent,Points,Rebounds,Assists,Steals,Blocks,MissedFieldGoals,MissedFreeThrows,TurnOvers
203932,Aaron,Gordon,43,27,29,21,0.614,14.7,5.7,2.5,0.6,0.6,5.4,0.8,1.7
1630565,Aaron,Henry,6,0,30,36,1,0.3,0.2,0,0,0.3,0.6,0,0.3
1628988,Aaron,Holiday,32,26,22,24,0.552,6.4,1.9,2.4,0.7,0.2,2.8,0.1,1.1
1630174,Aaron,Nesmith,29,19,16,8,0.604,3.6,1.8,0.4,0.4,0.1,2.2,0.1,0.5
1630598,Aaron,Wiggins,12,35,3,11,0.255,8.1,3.5,1.3,0.6,0.2,3.6,0.4,1
1627846,Abdel,Nader,11,3,11,17,0.786,2.4,1.9,0.5,0.6,0.3,1.6,0.3,0.8
1630278,Ade,Murkey,0,1,5,18,0,0,0,0,0,0,0,0,0
1629678,Admiral,Schofield,9,25,27,22,0.265,3.5,2.1,0.7,0.1,0.1,1.8,0.1,0.5
1629958,Ahmad,Caver,0,1,13,32,0,2,0,0,0,0,0,0,0
201143,Al,Horford,42,22,10,5,0.656,10,7.5,3.3,0.7,1.4,4.5,0.2,1
202692,Alec,Burks,34,41,32,26,0.453,11.5,4.7,2.8,1.1,0.3,5.4,0.6,1
1630758,Aleem,Ford,2,3,30,34,0.4,2.8,3,0.4,0.2,0,2.8,0,0.8
1630197,Aleksej,Pokusevski,18,41,22,17,0.305,7.4,5.2,1.9,0.6,0.6,4.3,0.2,1.4
1627936,Alex,Caruso,22,15,10,8,0.595,8,3.7,3.8,1.8,0.4,3.8,0.4,1.5
203458,Alex,Len,15,22,2,3,0.405,6.3,4.3,1.2,0.4,0.7,2.2,0.6,1.2
1628035,Alfonzo,McKinnie,8,9,32,12,0.471,3.5,1.9,0.3,0.1,0.2,2.2,0.4,0.4
1628993,Alize,Johnson,14,9,1,4,0.609,1.8,2.7,0.4,0.2,0,1,0.2,0.5
1630578,Alperen,Sengun,18,50,19,27,0.265,9.4,5.3,2.4,0.9,1,3.7,1,2
1629599,Amir,Coffey,27,35,37,26,0.435,8.9,2.8,1.8,0.5,0.2,3.9,0.2,0.7
203083,Andre,Drummond,37,29,4,1,0.561,7.7,9.1,1.8,1.1,0.9,2.5,1.1,1.7
2738,Andre,Iguodala,17,10,38,33,0.63,4.2,3.3,3.7,0.8,0.8,2.3,0.2,0.9
203952,Andrew,Wiggins,43,25,37,27,0.632,17.1,4.5,2.2,1.1,0.7,7.5,1.1,1.5
1629014,Anfernee,Simons,25,32,23,13,0.439,17.3,2.6,3.9,0.5,0.1,7.8,0.2,2
203076,Anthony,Davis,17,20,23,49,0.459,23.1,9.7,2.9,1.2,2.3,8,1.7,2.1
1630162,Anthony,Edwards,36,30,11,15,0.545,21,4.7,3.7,1.5,0.7,9.7,0.8,2.7
1630264,Anthony,Gill,13,24,3,21,0.351,3.6,1.7,0.6,0.1,0.3,0.7,0.2,0.3
1630237,Anthony,Lamb,0,2,7,4,0,0,0.5,1,0,0,1,0,0
1629717,Armoni,Brooks,18,32,1,0,0.36,5.7,1.9,1.2,0.5,0.2,3.7,0.1,0.5
1629083,Arnoldas,Kulboka,1,0,3,17,1,0,0,0,0,0,0,0,0
1630559,Austin,Reaves,26,29,20,33,0.473,6.7,2.9,1.6,0.5,0.3,2.6,0.3,0.6
203085,Austin,Rivers,38,23,0,2,0.623,6.2,1.7,1.4,0.8,0.1,3.1,0.2,0.8
202340,Avery,Bradley,27,31,20,16,0.466,6.4,2.2,0.8,0.8,0.2,3.3,0,0.6
1630245,Ayo,Dosunmu,39,31,6,21,0.557,8.5,2.8,3.3,0.7,0.4,3.2,0.3,1.3
1629168,BJ,Johnson,2,2,2,6,0.5,6.5,3.8,0,0,0.3,3.5,0,0
1628389,Bam,Adebayo,31,20,34,30,0.608,19.1,10.2,3.4,1.5,0.8,5.9,1.4,2.7
203463,Ben,McLemore,20,37,20,33,0.351,9.7,1.6,0.8,0.5,0.2,5,0.2,0.8
202687,Bismack,Biyombo,28,3,42,16,0.903,5.6,4.4,0.6,0.4,0.7,1.6,0.9,0.7
201933,Blake,Griffin,29,26,28,38,0.527,6.5,4.1,1.9,0.5,0.3,3.3,0.4,0.6
1626246,Boban,Marjanovic,12,8,24,22,0.6,4.3,1.6,0.1,0,0.2,1.1,0.4,0.6
1626171,Bobby,Portis,41,24,14,19,0.631,14.8,9.2,1.2,0.7,0.8,6.4,0.4,1.3
203992,Bogdan,Bogdanovic,28,28,44,22,0.5,14.9,3.9,3.1,1.1,0.2,7,0.3,1.2
202711,Bojan,Bogdanovic,42,22,30,14,0.656,18.1,4.3,1.7,0.4,0,7.2,0.5,1.7
1629626,Bol,Bol,5,9,52,20,0.357,2.4,1.4,0.4,0.1,0.1,0.8,0.3,0.3
1630538,Bones,Hyland,38,25,21,11,0.603,9.7,2.7,2.5,0.6,0.2,4.8,0.3,1.2
202954,Brad,Wanamaker,10,13,29,32,0.435,3.6,1.7,2.4,0.3,0.3,2.1,0.1,1
203078,Bradley,Beal,17,23,32,28,0.425,23.2,4.7,6.6,0.9,0.4,10.6,0.9,3.4
1630527,Brandon,Boston,25,25,32,27,0.5,6.5,2.1,0.9,0.5,0.2,3.9,0.3,0.6
1629634,Brandon,Clarke,41,18,25,22,0.695,10.3,5.5,1.3,0.6,1.1,2.5,0.7,0.5
1629164,Brandon,Goodwin,17,14,29,32,0.548,5,2.1,2.9,0.7,0,2.5,0.4,1
1627742,Brandon,Ingram,26,25,1,5,0.51,22.9,5.7,5.5,0.6,0.5,9.7,1.1,2.7
202688,Brandon,Knight,1,2,6,26,0.333,10,2.3,2.7,0.3,0,3.7,0,1.3
1630314,Brandon,Williams,2,16,46,24,0.111,14.1,3.2,3.4,1.1,0.4,7.6,1.4,2.3
1630296,Braxton,Key,2,2,45,20,0.5,3.8,2.3,0.3,0.8,0.8,2,0,1
1630271,Brodric,Thomas,6,4,1,5,0.6,1.5,0.7,0.8,0,0.1,0.9,0.2,0.4
201572,Brook,Lopez,5,2,20,13,0.714,9.3,3.7,0.9,0.6,1.3,4.6,0.3,0.9
1628971,Bruce,Brown,32,34,45,25,0.485,8.3,4.7,1.8,1.1,0.6,3.3,0.4,0.7
1628981,Bruno,Fernando,15,13,31,40,0.536,2.1,1.4,0.1,0,0.3,0.5,0.1,0.3
1627854,Bryn,Forbes,35,37,19,11,0.486,8.8,1.3,1,0.3,0.1,4.1,0.1,0.8
1627741,Buddy,Hield,26,49,28,19,0.347,15.5,4.3,2.7,0.9,0.3,8,0.2,1.8
1629604,CJ,Elleby,17,34,23,30,0.333,5.5,3.8,1.4,0.6,0.3,3,0.4,1
203468,CJ,McCollum,24,31,10,16,0.436,22.4,4.5,5.2,1.1,0.4,10.3,0.7,2
101139,CJ,Miles,1,0,43,17,1,0,0,0,0,0,0,0,0
1630595,Cade,Cunningham,18,41,1,3,0.305,17.2,5.7,5.6,1.2,0.7,9.4,0.4,3.6
1628997,Caleb,Martin,34,23,42,18,0.596,9.2,3.9,1.1,1,0.5,3.3,0.4,0.8
1629629,Cam,Reddish,20,29,3,2,0.408,10.1,2.1,1,1,0.3,4.9,0.2,1.2
1630560,Cam,Thomas,28,34,24,23,0.452,8.8,2.4,1.2,0.5,0.1,4.4,0.2,0.8
1629661,Cameron,Johnson,48,12,39,30,0.8,12.8,4.1,1.5,0.8,0.2,4.8,0.2,0.6
1630787,Cameron,McGriff,0,3,14,17,0,4.7,5,1,0,0.3,3,0,0
1628419,Cameron,Oliver,1,1,10,14,0.5,11.5,3,1.5,0.5,0.5,2.5,0.5,0
1626166,Cameron,Payne,44,9,10,12,0.83,11.1,2.9,4.8,0.7,0.3,6.1,0.3,1.8
1627747,Caris,LeVert,21,30,17,42,0.412,17.2,3.6,4.2,0.9,0.4,8.5,0.8,1.9
1630637,Carlik,Jones,3,2,11,14,0.6,0.8,0.6,1,0.2,0,1.6,0,0.6
2546,Carmelo,Anthony,27,38,1,8,0.415,13.5,4.2,1,0.7,0.8,5.8,0.4,0.9
1630199,Cassius,Stanley,3,6,10,31,0.333,5.8,2.1,0.4,0.6,0.2,3,0,0.7
1630216,Cassius,Winston,1,4,14,22,0.2,2,0,1,0,0,0.6,0,0.2
1627760,Cat,Barber,0,3,25,35,0,0,1,1,0,0,1.3,1.3,0.3
1626224,Cedi,Osman,35,25,12,10,0.583,10.7,2.1,2,0.8,0.1,5.2,0.6,1
1628990,Chandler,Hutchison,4,2,49,21,0.667,0.7,0.8,0.3,0,0,0.1,0,0.7
1629646,Charles,Bassey,11,12,8,7,0.478,3,2.7,0.3,0.2,0.7,0.7,0.1,0.3
1629718,Charlie,Brown,16,5,12,29,0.762,1.4,1.5,0.3,0.5,0.2,1.4,0.1,0.2
1630602,Chaundee,Brown,1,4,15,30,0.2,6.2,3.2,0.8,0.4,0,4.4,0.2,0.2
1627767,Cheick,Diallo,0,3,34,29,0,3.7,4,0,0.3,0,1.7,0.3,0.3
1629002,Chimezie,Metu,20,34,30,39,0.37,8.7,5.4,1.1,0.8,0.5,4.1,0.3,1
1628449,Chris,Boucher,43,30,26,26,0.589,9.4,6.2,0.3,0.6,0.9,3.7,0.6,0.5
1629185,Chris,Chiozza,21,13,21,27,0.618,2,1.1,1.9,0.4,0,1.7,0,0.9
1630537,Chris,Duarte,21,34,13,34,0.382,13.1,4.1,2.1,1,0.2,6.4,0.4,1.6
101108,Chris,Paul,50,10,18,42,0.833,15,4.5,10.8,1.8,0.3,5.8,0.5,2.4
1629735,Chris,Silva,7,3,25,38,0.7,2.6,3.6,0.7,0,0.1,0.7,0.2,0.8
1626174,Christian,Wood,19,49,6,12,0.279,17.9,10.1,2.3,0.8,1,6.4,1.9,1.9
1629643,Chuma,Okeke,19,45,16,26,0.297,8.5,4.8,1.7,1.4,0.6,5.1,0.2,0.8
203991,Clint,Capela,35,32,28,29,0.522,10.9,11.8,1.3,0.7,1.3,3.3,1.2,0.6
1629632,Coby,White,30,25,13,22,0.545,12.9,3,2.9,0.5,0.2,5.9,0.2,1.1
1628998,Cody,Martin,37,28,6,25,0.569,7.7,4,2.5,1.2,0.5,3.2,0.5,0.9
203469,Cody,Zeller,13,14,4,4,0.481,5.2,4.6,0.8,0.3,0.2,1.4,0.4,0.7
1630175,Cole,Anthony,18,44,24,15,0.29,16.8,5.5,5.8,0.7,0.3,8.8,0.6,2.7
1629012,Collin,Sexton,7,4,39,28,0.636,16,3.3,2.1,0.9,0,7.5,0.9,2.8
1630557,Corey,Kispert,28,41,28,29,0.406,7.9,2.6,1,0.4,0.3,3.5,0.1,0.6
202709,Cory,Joseph,18,45,14,32,0.286,8.1,2.7,3.7,0.6,0.3,3.3,0.2,1.3
1628591,Craig,Sword,1,2,31,23,0.333,2,0,0.3,1.3,0,0.3,0,0.3
1626156,D'Angelo,Russell,37,24,21,9,0.607,18,3.4,7.1,0.9,0.4,8.8,0.6,2.5
201571,D.J.,Augustin,13,34,28,37,0.277,5.6,1.2,2,0.3,0,2.2,0.1,1.1
1628391,D.J.,Wilson,2,2,29,22,0.5,7.5,4,1.3,1.3,0.3,1,0.5,0.5
1629610,DaQuan,Jeffries,3,0,46,23,1,0.7,0.7,0.3,0,0,0.4,0,0
1630227,Daishen,Nix,3,16,3,3,0.158,3.4,1.4,1.6,0.7,0,1.3,0.4,0.9
1629751,Dakota,Mathias,5,1,8,28,0.833,1,0.3,0.2,0.2,0,0.7,0,0
1630625,Dalano,Banton,35,27,37,13,0.565,3.2,2,1.6,0.4,0.2,1.9,0.3,0.9
1627745,Damian,Jones,16,34,16,39,0.32,6.9,4,1.1,0.4,0.7,1.5,0.6,1
203081,Damian,Lillard,12,17,18,36,0.414,24,4.1,7.3,0.6,0.4,11.3,0.7,2.9
1627814,Damion,Lee,37,22,5,13,0.627,7.4,3.2,1,0.6,0.1,3.4,0.2,0.6
1628422,Damyean,Dotson,1,1,8,22,0.5,2,1,0.5,0,0,1,0,0
1629655,Daniel,Gafford,27,37,29,28,0.422,9.1,5.7,1,0.4,1.4,1.7,0.5,1
1630187,Daniel,Oturu,1,2,24,34,0.333,3,1.7,0,0,0.7,1,0.7,0
1628464,Daniel,Theis,16,25,12,11,0.39,7.4,4.8,0.8,0.5,0.7,2.9,0.5,1
201568,Danilo,Gallinari,31,30,27,25,0.508,11.4,4.6,1.5,0.4,0.2,5,0.3,0.5
201980,Danny,Green,32,22,37,20,0.593,5.8,2.4,1,0.9,0.6,3.2,0,0.7
1627863,Danuel,House,14,22,23,28,0.389,5.6,2.6,1.1,0.4,0.4,2.6,0.3,0.7
1629647,Darius,Bazley,19,50,27,34,0.275,10.8,6.3,1.4,0.8,1,5.4,0.8,1.3
1629636,Darius,Garland,35,26,22,19,0.574,21.5,3.4,8.6,1.2,0.1,9.2,0.3,3.8
201954,Darren,Collison,1,2,19,44,0.333,1.3,1.3,0.7,0.3,0,1.6,0,0.3
1630561,David,Duke,9,12,48,21,0.429,5,3.2,0.8,0.7,0.3,3.2,0.2,0.4
1630525,David,Johnson,2,0,8,12,1,0,0,0,0,0,0.5,0,0
1628021,David,Nwaba,6,39,32,35,0.133,5.1,3.3,0.8,0.6,0.4,2,0.4,0.5
1630558,Davion,Mitchell,25,44,21,42,0.362,11,2.2,3.6,0.8,0.3,6.4,0.3,1.3
202722,Davis,Bertans,26,23,25,29,0.531,5.4,1.9,0.5,0.3,0.2,3.3,0.1,0.3
1628432,Davon,Reed,26,16,38,23,0.619,4.1,2.3,1,0.5,0.1,1.7,0,0.3
1630549,Day'Ron,Sharpe,12,20,7,16,0.375,6.2,5,0.5,0.3,0.5,2,0.5,0.9
1628368,De'Aaron,Fox,22,37,26,36,0.373,23.2,3.9,5.6,1.2,0.4,9.8,1.5,2.8
1629631,De'Andre,Hunter,23,23,49,19,0.5,13.4,3.2,1.3,0.8,0.4,6,0.8,1.3
1629001,De'Anthony,Melton,46,21,32,26,0.687,10.6,4.5,2.6,1.5,0.5,5.6,0.4,1.5
201599,DeAndre,Jordan,22,21,28,22,0.512,4.1,5.5,0.4,0.3,0.7,1.1,0.4,0.8
1627761,DeAndre',Bembry,31,25,18,18,0.554,5.1,2.9,1.2,0.9,0.4,1.7,0.2,0.6
1630610,DeJon,Jarreau,0,1,36,32,0,0,0,0,0,0,0,0,0
201942,DeMar,DeRozan,41,29,48,19,0.586,27.7,5.3,5,0.9,0.3,10,1,2.4
202326,DeMarcus,Cousins,30,12,0,8,0.714,9,5.9,1.4,0.8,0.4,3.9,0.7,1.7
1629731,Dean,Wade,27,24,30,32,0.529,5.3,2.9,1,0.6,0.1,2.4,0.2,0.3
1629028,Deandre,Ayton,43,11,4,7,0.796,17.2,10,1.4,0.7,0.7,4.3,0.6,1.5
1629686,Deividas,Sirvydis,1,2,8,12,0.333,1,2,0.3,1,0.3,3,0,0
1627749,Dejounte,Murray,30,36,23,32,0.455,21,8.3,9.3,2.1,0.3,9.9,0.8,2.6
1626153,Delon,Wright,37,33,11,5,0.529,4.5,2.8,2.4,1.1,0.3,2,0.1,0.6
1630166,Deni,Avdija,32,42,0,3,0.432,8,5.1,1.8,0.7,0.5,3.8,0.4,0.9
203471,Dennis,Schroder,32,32,36,31,0.5,13.5,3.3,4.6,0.8,0.1,6.4,0.4,2.2
1628372,Dennis,Smith,15,22,29,33,0.405,5.6,2.4,3.6,1.2,0.3,3,0.6,1.4
1627756,Denzel,Valentine,14,10,39,14,0.583,2.9,1.8,0.5,0.3,0,1.8,0,0.5
202324,Derrick,Favors,15,24,3,10,0.385,5.3,4.7,0.6,0.4,0.3,2.3,0.2,0.2
1627884,Derrick,Jones,27,19,44,22,0.587,5.5,3.4,0.5,0.5,0.7,1.8,0.3,0.5
201565,Derrick,Rose,11,15,36,24,0.423,12,3,4,0.8,0.5,5.8,0,1.5
1628476,Derrick,Walton,1,2,32,34,0.333,6.3,3.3,7,2.3,1.3,6.7,0,3.7
1628401,Derrick,White,36,33,35,28,0.522,13.3,3.5,5,0.9,0.8,6.4,0.4,1.6
1630217,Desmond,Bane,51,21,21,33,0.708,18.2,4.5,2.8,1.2,0.4,7.9,0.2,1.5
1626164,Devin,Booker,53,11,40,32,0.828,26.5,5,4.9,1.2,0.4,11.1,0.7,2.5
1630170,Devin,Vassell,26,39,21,51,0.4,11.8,4.3,1.8,1,0.6,6.1,0.2,0.8
1629653,Devon,Dotson,5,6,46,23,0.455,2.6,0.8,1.4,0.1,0,1.1,0.3,0.5
1629719,Devontae,Cacok,4,7,36,22,0.364,3.6,3.3,0.5,0.6,0.6,0.8,0.2,0.2
1628984,Devonte',Graham,30,40,11,20,0.429,12.3,2.5,4.3,1,0.2,7.2,0.3,1.4
203473,Dewayne,Dedmon,40,24,20,7,0.625,6.2,5.8,0.7,0.3,0.6,1.9,0.3,1
1629712,Didi,Louzada,0,2,5,18,0,0,1,0.5,0,0,1.5,0,0
1628415,Dillon,Brooks,19,9,23,30,0.679,18,3.1,2.5,1.3,0.3,9.2,0.4,1.6
1627734,Domantas,Sabonis,21,41,36,27,0.339,18.9,12.1,5.2,1,0.4,5.4,1.4,3.1
1628378,Donovan,Mitchell,39,23,0,1,0.629,25.9,4.2,5.4,1.5,0.2,11.3,0.6,3.1
1628978,Donte,DiVincenzo,18,18,14,4,0.5,8.5,3.8,2.6,1.1,0.1,5.1,0.3,1.6
1627827,Dorian,Finney-Smith,45,28,42,30,0.616,10.7,4.9,1.8,1.1,0.5,4.7,0.4,1.1
203926,Doug,McDermott,21,30,31,40,0.412,11.3,2.3,1.3,0.3,0.1,4.9,0.2,0.8
203110,Draymond,Green,29,11,10,17,0.725,7.3,7.3,7,1.4,1,2.7,0.7,3
1629234,Drew,Eubanks,19,46,20,20,0.292,6.9,5.2,1.2,0.4,0.6,2,0.4,1.1
1630613,Duane,Washington,12,30,14,3,0.286,9.6,1.7,1.9,0.5,0,5.4,0.3,1.2
1629130,Duncan,Robinson,47,26,18,24,0.644,11.1,2.7,1.7,0.5,0.2,5.7,0.1,0.8
2730,Dwight,Howard,20,33,43,22,0.377,5.6,5.7,0.6,0.6,0.6,1.3,0.8,0.8
203939,Dwight,Powell,46,29,13,27,0.613,8.3,4.7,1.2,0.5,0.5,1.6,0.5,0.7
1629685,Dylan,Windler,26,19,33,14,0.578,2.3,1.9,0.6,0.3,0.1,1.1,0.1,0.3
202334,Ed,Davis,14,13,1,3,0.519,1,2.3,0.2,0.1,0.3,0.2,0.3,0.2
203901,Elfrid,Payton,39,8,23,10,0.83,2.9,1.8,2,0.5,0.1,2.1,0.3,1
1630190,Elijah,Hughes,15,16,22,30,0.484,3.5,1.6,0.6,0.4,0.2,2.6,0,0.4
1629150,Emanuel,Terry,2,1,7,13,0.667,0,5,0.7,0.3,0,1.7,0,1.7
1626144,Emmanuel,Mudiay,0,2,39,16,0,1.5,0,2,0.5,0,1,0.5,0.5
202683,Enes,Freedom,20,15,27,23,0.571,3.7,4.6,0.2,0.1,0.4,1.3,0.1,0.6
202339,Eric,Bledsoe,27,27,1,9,0.5,9.9,3.4,4.2,1.3,0.4,5.1,0.6,2.1
201569,Eric,Gordon,19,38,25,31,0.333,13.4,2,2.7,0.5,0.3,5.2,0.6,1.9
1629672,Eric,Paschall,33,21,32,32,0.611,6,1.9,0.7,0.2,0.1,2.2,0.3,0.5
1630647,Eugene,Omoruyi,1,3,12,27,0.25,1.8,1.8,0.5,0,0,0.8,0.5,0
203095,Evan,Fournier,33,41,15,24,0.446,14.1,2.6,2.1,1,0.2,7.1,0.4,1.3
1630596,Evan,Mobley,39,28,7,3,0.582,14.9,8.3,2.5,0.8,1.6,5.9,1.2,2
1630267,Facundo,Campazzo,37,26,29,29,0.587,5.2,1.9,3.4,1,0.4,2.9,0.2,1
1628402,Frank,Jackson,6,40,16,14,0.13,10.4,1.6,1,0.5,0.2,5.4,0.4,0.8
1626163,Frank,Kaminsky,8,1,52,20,0.889,10.6,4.6,1.4,0.9,0.8,3.3,0.2,0.6
1628373,Frank,Ntilikina,32,23,40,21,0.582,4.3,1.4,1.3,0.5,0.1,2.4,0.1,0.6
1630532,Franz,Wagner,20,56,9,14,0.263,15.4,4.6,3,0.9,0.4,6.7,0.4,1.6
1627832,Fred,VanVleet,36,25,19,26,0.59,20.5,4.6,6.7,1.6,0.5,9.9,0.4,2.6
1630273,Freddie,Gillespie,1,8,30,20,0.111,2.3,4,0.6,0.3,1,1.4,0.5,0.6
1627788,Furkan,Korkmaz,40,21,24,20,0.656,8.1,2.8,2,0.5,0.1,4.5,0.3,0.8
1629216,Gabe,Vincent,43,20,14,24,0.683,8.9,1.9,3.2,1,0.2,4.6,0.1,1.5
1630466,Gabriel,Deck,2,5,2,5,0.286,2.6,0.9,0.7,0.1,0,0.9,0,0.3
202066,Garrett,Temple,22,34,30,33,0.393,5.4,2.5,1.3,0.8,0.4,3.1,0.2,0.7
1629726,Garrison,Mathews,19,40,26,24,0.322,10,2.9,1,0.9,0.3,4.3,0.6,0.6
1629109,Gary,Clark,19,15,3,1,0.559,2.5,2.4,0.4,0.3,0.2,1.4,0,0.2
203914,Gary,Harris,16,45,18,34,0.262,11.1,2,1.8,1,0.1,5.2,0.2,1
1627780,Gary,Payton,42,23,25,33,0.646,7,3.5,0.8,1.4,0.3,1.8,0.4,0.6
1629018,Gary,Trent,39,24,23,15,0.619,18,2.8,2.1,1.8,0.3,9.1,0.5,1
201588,George,Hill,31,16,16,20,0.66,6.6,3,2.3,0.8,0.1,3,0,0.8
1628994,George,King,2,2,0,2,0.5,0.3,1.3,0,0,0,1.3,0.2,0.3
1627777,Georges,Niang,45,25,3,10,0.643,9.3,2.7,1.4,0.4,0.2,4.3,0.1,0.8
1630686,Georgios,Kalaitzakis,7,2,1,1,0.778,1.8,0.9,0,0.1,0.1,0.6,0.6,0.4
203507,Giannis,Antetokounmpo,40,21,37,27,0.656,29.7,11.6,5.8,1,1.4,8.3,3.2,3.2
1629048,Goga,Bitadze,17,30,16,24,0.362,6.7,3.4,1,0.4,0.8,2.4,0.6,0.9
201609,Goran,Dragic,9,10,20,47,0.474,7.5,3,4.3,0.8,0.2,4.6,0.3,1.5
202330,Gordon,Hayward,26,22,20,26,0.542,16.1,4.6,3.6,1,0.5,6.8,0.5,1.7
203476,Gorgui,Dieng,21,21,22,19,0.5,3.6,2.8,0.8,0.3,0.3,1.3,0.1,0.5
1629684,Grant,Williams,45,26,19,42,0.634,7.8,3.5,1,0.5,0.7,2.9,0.1,0.8
1628960,Grayson,Allen,40,22,20,48,0.645,11.2,3.4,1.5,0.7,0.3,4.9,0.2,0.6
1630535,Greg,Brown,14,27,1,2,0.341,4,2.6,0.6,0.5,0.5,2,0.4,0.5
202328,Greg,Monroe,5,5,23,21,0.5,5.5,5.2,1.4,0.6,0.7,2,0.7,0.9
1628977,Hamidou,Diallo,14,44,47,25,0.241,11,4.8,1.3,1.2,0.3,4.6,0.8,1
203084,Harrison,Barnes,24,47,22,22,0.338,16.8,5.7,2.5,0.7,0.2,5.8,1,1.6
202355,Hassan,Whiteside,37,23,33,30,0.617,8.1,7.6,0.4,0.4,1.5,1.7,0.9,0.9
1629755,Hassani,Gravett,2,6,14,15,0.25,6.3,2.6,2.5,0.6,0.1,2.5,0.1,1.1
1629312,Haywood,Highsmith,11,5,38,20,0.688,1.7,1.3,0.1,0.1,0.1,1,0.2,0.1
1630529,Herbert,Jones,32,40,21,25,0.444,9.6,3.8,2.2,1.6,0.8,3.8,0.4,1.3
1629649,Ignas,Brazdeikis,7,29,4,9,0.194,3.5,1.3,0.8,0.2,0.1,1.9,0.1,0.3
1630193,Immanuel,Quickley,32,40,18,45,0.444,10.6,2.9,3.2,0.6,0,5.3,0.3,1.3
1629067,Isaac,Bonga,9,6,42,18,0.6,0.8,0.5,0.3,0.5,0.1,0.7,0.2,0.1
1630171,Isaac,Okoro,32,28,17,53,0.533,9.2,3.1,1.8,0.9,0.3,3.5,0.5,1
1628392,Isaiah,Hartenstein,31,30,5,22,0.508,8,4.6,2.1,0.8,1.2,1.9,0.6,1.2
1630543,Isaiah,Jackson,9,22,5,8,0.29,7.5,4.1,0.3,0.5,1.3,2.4,0.8,1
1630198,Isaiah,Joe,32,19,12,33,0.627,3.5,1,0.6,0.2,0.1,2.1,0,0.3
1630587,Isaiah,Livers,5,8,32,37,0.385,4.8,2.5,0.8,0.5,0.4,2.5,0.1,0.6
1629676,Isaiah,Roby,8,30,40,28,0.211,9.1,4.6,1.4,0.8,0.7,3.1,0.7,0.9
1630191,Isaiah,Stewart,18,46,3,10,0.281,8.3,8.6,1.1,0.3,1.1,3.3,0.5,1.3
202738,Isaiah,Thomas,8,8,2,2,0.5,9.1,1.4,1.8,0.4,0.3,5,0.3,0.8
1630225,Isaiah,Todd,1,9,18,29,0.1,1.6,1,0.3,0.2,0.2,1.2,0.4,0.1
202397,Ish,Smith,24,33,19,8,0.421,5.8,2.1,3.4,0.6,0.3,3.6,0.1,1.1
1630688,Ish,Wainright,35,6,31,17,0.854,1.6,1,0.3,0.3,0.1,1.2,0.1,0.3
1627826,Ivica,Zubac,34,35,12,29,0.493,10.1,8.4,1.6,0.5,1,2.4,0.8,1.6
1630550,JT,Thor,15,14,31,13,0.517,2.2,1.4,0.6,0.3,0.3,1.1,0.3,0.3
1629630,Ja,Morant,35,21,21,30,0.625,27.6,5.7,6.7,1.2,0.4,10.6,1.7,3.4
203210,JaMychal,Green,34,28,3,6,0.548,6.5,4.2,0.8,0.6,0.4,2.6,0.2,0.9
1630605,JaQuori,McLaughlin,2,2,18,21,0.5,0,0,0.5,0,0,0.5,0,0
201580,JaVale,McGee,55,13,7,5,0.809,9.3,6.6,0.6,0.3,1.1,2.2,0.6,1.3
203953,Jabari,Parker,4,8,5,3,0.333,4.4,2.3,0.5,0.3,0.1,1.7,0,0.7
1630183,Jaden,McDaniels,39,28,4,7,0.582,9.4,4.3,1.1,0.8,0.8,4.4,0.2,1.1
1630531,Jaden,Springer,2,0,18,46,1,1,1,0,0,1,0,0,0.5
203109,Jae,Crowder,51,12,23,5,0.81,9.5,5.3,1.8,1.4,0.4,4.8,0.2,0.9
1630256,Jae'Sean,Tate,19,53,20,43,0.264,12,5.5,2.9,0.9,0.6,4.6,0.7,1.8
1630186,Jahmi'us,Ramsey,2,17,7,27,0.105,3.2,0.7,0.4,0.1,0.1,1.8,0.3,0.3
1630693,Jaime,Echenique,1,0,19,22,1,0,0,0,0,0,0,0,0
1627774,Jake,Layman,20,12,24,36,0.625,2,1,0.3,0.2,0.2,1.2,0.1,0.3
1627751,Jakob,Poeltl,28,35,2,2,0.444,13.5,9.3,2.8,0.7,1.8,3.7,1.4,1.6
1628973,Jalen,Brunson,44,28,5,2,0.611,16.2,3.8,4.9,0.9,0,6.4,0.4,1.7
1630224,Jalen,Green,12,49,30,28,0.197,16.1,3.3,2.6,0.7,0.3,7.9,0.6,2
1630552,Jalen,Johnson,12,7,1,18,0.632,2.7,1.3,0.2,0.2,0.1,0.9,0.1,0.5
1629667,Jalen,McDaniels,30,19,10,32,0.612,5.8,3.1,1,0.4,0.4,2.5,0.4,0.7
1630188,Jalen,Smith,29,18,34,30,0.617,8.8,6,0.5,0.3,0.8,3.1,0.5,0.8
1630591,Jalen,Suggs,15,31,44,24,0.326,12.1,3.7,4.4,1.2,0.4,7.5,0.8,3
1630547,James,Bouknight,13,15,27,28,0.464,5,1.7,0.8,0.3,0,3.2,0.1,0.5
203516,James,Ennis,3,4,15,39,0.429,4.1,1.7,0.4,0.3,0.3,1.8,0.1,0.3
201935,James,Harden,36,22,0,9,0.621,22.5,7.9,10.1,1.3,0.6,9.1,1.1,4.4
201949,James,Johnson,29,30,16,20,0.492,5.7,3.5,2.1,0.5,0.5,2.7,0.4,0.8
1630691,Jamorko,Pickett,3,7,5,12,0.3,2.1,1.6,0.3,0,0.3,1.8,0,0.3
1630215,Jared,Butler,28,10,42,18,0.737,3.8,0.9,1.3,0.3,0.2,2,0.1,0.8
1629607,Jared,Harper,1,1,33,19,0.5,3.5,0.5,1.5,0,0.5,2,0,0.5
1628991,Jaren,Jackson,51,23,45,24,0.689,16.4,5.8,1.1,0.9,2.3,7.7,0.8,1.7
1629020,Jarred,Vanderbilt,38,30,47,20,0.559,7.1,8.7,1.3,1.4,0.6,2.1,0.6,1
1628386,Jarrett,Allen,35,21,39,12,0.625,16.1,10.8,1.6,0.8,1.3,3.1,1.3,1.7
1629633,Jarrett,Culver,27,8,34,29,0.771,3.3,1.3,0.9,0.5,0.1,2,0.4,0.5
1629600,Jarron,Cumberland,0,3,23,20,0,0.7,1,0.3,0,0,0.4,0,0
1629602,Javin,DeLaurier,1,0,12,28,1,0,1,0,1,0,0,0,0
1629750,Javonte,Green,35,23,32,30,0.603,7.3,4.3,1,1,0.5,2.3,0.3,0.5
1630606,Javonte,Smart,10,5,7,4,0.667,2.1,1.3,0.9,0.3,0.1,2.4,0.1,0.6
1629637,Jaxson,Hayes,25,38,3,3,0.397,9,4.4,0.6,0.4,0.8,1.9,0.6,0.8
1630643,Jay,Huff,0,4,2,12,0,0,1,0.3,0.3,0.3,0.8,0,0.3
1630206,Jay,Scrubb,8,10,49,19,0.444,2.7,0.9,0.4,0.2,0.2,1.6,0.2,0.4
1627759,Jaylen,Brown,39,21,15,36,0.65,23.4,6.1,3.2,1,0.3,9.8,1.1,2.7
1629658,Jaylen,Hoard,0,1,19,11,0,0,2,0,0,0,1,0,0
1628537,Jaylen,Morris,0,3,28,23,0,0.7,0.7,0.7,0,0,2,0.6,0.3
1629669,Jaylen,Nowell,35,22,20,19,0.614,8.4,2,2.1,0.4,0.1,3.4,0.3,0.5
1629873,Jaysean,Paige,1,0,2,19,1,0,1,1,0,0,3,0,1
1628369,Jayson,Tatum,45,26,21,26,0.634,27.1,8.1,4.3,0.9,0.6,11.4,0.9,2.9
1630288,Jeff,Dowtin,4,4,16,46,0.5,2.1,2.3,1.3,0.4,0.1,2,0,0.5
201145,Jeff,Green,42,29,21,38,0.592,10.4,3.1,1.3,0.4,0.4,3.5,0.4,0.9
1629203,Jemerrio,Jones,0,2,35,24,0,2,1.5,0,0.5,0,0.5,0,0
203924,Jerami,Grant,11,36,41,18,0.234,19.2,4.1,2.4,0.9,1,8.6,0.9,1.8
1630526,Jeremiah,Robinson-Earl,14,31,28,25,0.311,7.1,5.8,1,0.6,0.3,4,0.3,0.8
203087,Jeremy,Lamb,20,30,19,33,0.4,7.3,2.7,1.4,0.5,0.4,3.9,0.3,0.6
1630579,Jericho,Sims,16,19,40,31,0.457,1.8,3.4,0.4,0.2,0.4,0.3,0.3,0.4
1628975,Jevon,Carter,35,25,34,38,0.583,4.2,1.6,1.3,0.3,0.2,2.3,0,0.5
202710,Jimmy,Butler,34,19,12,22,0.642,21.2,6,5.6,1.7,0.5,7.7,1,2.1
1629111,Jock,Landale,22,27,15,21,0.449,5,2.4,0.9,0.2,0.3,1.9,0.1,0.6
203925,Joe,Harris,10,4,1,12,0.714,11.3,4,1,0.5,0.1,4.9,0,1.1
204060,Joe,Ingles,28,17,0,9,0.622,7.2,2.9,3.5,0.5,0.1,3.7,0.1,1
2207,Joe,Johnson,1,0,13,13,1,2,0,0,0,0,0,0,0
1630580,Joe,Wieskamp,9,15,22,15,0.375,2.3,0.4,0.3,0.1,0.1,1.3,0.2,0.1
1630555,Joel,Ayayi,1,6,24,5,0.143,0.3,0.4,0.6,0,0,0.8,0,0
203954,Joel,Embiid,41,20,22,15,0.672,29.9,11.4,4.2,1.2,1.5,9.9,2.2,3
1628381,John,Collins,26,28,2,8,0.481,16.2,7.8,1.8,0.6,1,5.6,0.6,1.1
1629723,John,Konchar,45,21,19,31,0.682,4.7,4.5,1.4,0.6,0.3,1.7,0.3,0.4
1630257,Jon,Teske,3,0,36,16,1,0,0.7,0.3,0.3,0,0.3,0.7,0
202685,Jonas,Valanciunas,31,38,13,17,0.449,18.1,11.6,2.6,0.5,0.9,6,0.8,2.4
1630228,Jonathan,Kuminga,39,25,16,19,0.609,9.3,3.4,0.9,0.4,0.3,3.3,0.9,1.1
1628395,Jordan,Bell,1,0,32,37,1,0,1,0,1,0,0,0,0
203903,Jordan,Clarkson,43,29,11,6,0.597,16.1,3.4,2.3,0.8,0.2,8.3,0.4,1.6
1630692,Jordan,Goodwin,1,1,26,44,0.5,0,0.5,0,0,0,1.5,0,0
1629162,Jordan,McLaughlin,33,23,27,28,0.589,3.5,1.5,2.9,0.9,0.1,1.9,0.2,0.6
1629670,Jordan,Nwora,32,26,22,21,0.552,7.4,3.5,0.9,0.4,0.3,4.3,0,0.9
1629673,Jordan,Poole,44,26,31,25,0.629,17.9,3.2,3.8,0.8,0.3,7.5,0.3,2.4
1630648,Jordan,Schakel,1,1,21,45,0.5,0,1.5,0,0,0,3,0,0
1630631,Jose,Alvarado,21,26,35,32,0.447,6.1,1.8,2.7,1.3,0.1,3.1,0.2,0.7
1630528,Josh,Christopher,18,50,39,28,0.265,7.6,2.4,2,0.8,0.2,3.6,0.3,1.5
1630581,Josh,Giddey,17,37,10,35,0.315,12.5,7.8,6.4,0.9,0.4,7.2,0.5,3.2
1630182,Josh,Green,38,22,23,12,0.633,4.6,2.4,1.2,0.7,0.2,1.9,0.2,0.6
1628404,Josh,Hart,20,34,40,29,0.37,14.9,7.2,4.1,1.1,0.2,5.2,0.9,2.1
1628367,Josh,Jackson,9,36,26,16,0.2,6.2,2.8,1.1,0.5,0.4,3.5,0.4,0.9
1629006,Josh,Okogie,22,23,7,18,0.489,2.4,1.5,0.5,0.5,0.2,1.2,0.3,0.5
1626196,Josh,Richardson,35,23,4,22,0.603,10,2.9,1.7,0.8,0.5,4.6,0.2,1
1630563,Joshua,Primo,19,24,34,27,0.442,5.4,2.3,1.4,0.4,0.5,3.2,0.2,1
201950,Jrue,Holiday,42,18,23,44,0.7,18.6,4.4,6.7,1.6,0.4,7.1,0.6,2.8
1629308,Juan,Toscano-Anderson,48,22,45,23,0.686,4.1,2.4,1.7,0.7,0.2,1.6,0.4,0.9
1627823,Juancho,Hernangomez,17,17,1,4,0.5,2.2,2.2,0.4,0.3,0.3,1.4,0.3,0.4
203944,Julius,Randle,32,39,6,20,0.451,20.1,10,5.1,0.7,0.5,10.2,1.4,3.4
1626147,Justin,Anderson,3,9,11,7,0.25,6.9,3.4,2.3,0.4,0.3,3.5,0.3,0.7
1630551,Justin,Champagnie,20,15,23,31,0.571,2.2,2,0.3,0.2,0.1,1,0,0.2
203200,Justin,Holiday,22,46,6,9,0.324,10.4,2.6,1.8,0.8,0.5,5.6,0.2,1
1628382,Justin,Jackson,6,1,1,3,0.857,2.1,1,0.3,0,0,1.4,0,0.1
1629620,Justin,Robinson,13,12,26,17,0.52,3.1,0.8,1.3,0.4,0,2.6,0.1,0.7
1626159,Justise,Winslow,24,24,36,33,0.5,5.7,4.2,1.8,0.7,0.5,3.1,0.6,1
203994,Jusuf,Nurkic,25,31,11,20,0.446,15,11.1,2.8,1.1,0.6,5,1.5,2.6
1629752,Juwan,Morgan,0,1,40,28,0,5,4,1,0,0,1,0,0
1629644,KZ,Okpala,14,7,15,31,0.667,3.7,2,0.7,0.2,0.3,1.9,0.1,0.2
1630539,Kai,Jones,12,7,36,18,0.632,1.1,0.5,0.2,0.1,0,0.3,0.2,0.3
1626157,Karl-Anthony,Towns,41,28,15,11,0.594,24.6,9.8,3.7,1,1.1,7.7,1.1,3.1
1626208,Keifer,Sykes,6,24,23,28,0.2,5.7,1.5,2,0.4,0.1,3.9,0,1.1
1628966,Keita,Bates-Diop,20,33,13,27,0.377,5.3,3.8,0.7,0.5,0.3,2.1,0.2,0.7
1629103,Kelan,Martin,14,16,39,22,0.467,5.7,1.8,0.7,0.4,0.3,3.4,0.1,0.5
1629640,Keldon,Johnson,30,39,29,11,0.435,16.6,6.1,2,0.8,0.2,7.1,0.7,1.2
1629833,Keljin,Blevins,4,20,13,22,0.167,2.8,1.3,0.7,0.2,0,2,0.1,0.5
203482,Kelly,Olynyk,11,25,20,31,0.306,8.9,4.5,2.6,0.8,0.4,4.1,0.5,1.4
1626162,Kelly,Oubre,35,35,30,15,0.5,15.1,4,1.1,1.1,0.4,7.1,0.9,0.9
202689,Kemba,Walker,16,21,28,32,0.432,11.6,3,3.5,0.7,0.2,6,0.3,1.3
1629026,Kenrich,Williams,17,32,23,32,0.347,7.4,4.5,2.2,0.9,0.2,3.5,0.5,0.9
203145,Kent,Bazemore,16,21,44,22,0.432,3.6,1.8,0.9,0.6,0.2,2.4,0.1,0.5
203484,Kentavious,Caldwell-Pope,31,40,3,3,0.437,12.7,3.4,1.9,1.1,0.4,6.1,0.3,1.2
1630231,Kenyon,Martin,20,53,18,34,0.274,8.9,3.8,1.3,0.4,0.5,3,0.6,0.8
1630553,Keon,Johnson,8,22,40,26,0.267,6,2.1,1.3,0.7,0.2,4.2,0.2,1
1630556,Kessler,Edwards,17,24,14,19,0.415,5.9,3.6,0.6,0.6,0.5,3.2,0.1,0.9
201142,Kevin,Durant,31,17,44,19,0.646,29.5,7.3,6.1,0.9,0.9,9.7,0.7,3.4
1628989,Kevin,Huerter,35,32,13,18,0.522,11.8,3.4,2.8,0.7,0.4,5.7,0.2,1.3
1628995,Kevin,Knox,14,12,21,26,0.538,2.6,1.5,0.4,0.1,0,1.8,0.2,0.3
201567,Kevin,Love,36,31,27,29,0.537,13.5,7.3,2.2,0.4,0.2,5.9,0.4,1.3
1630698,Kevin,Pangos,16,8,8,29,0.667,1.6,0.5,1.3,0.1,0,1.3,0.1,0.3
1629645,Kevin,Porter,16,39,3,0,0.291,14.1,4.1,6,1.1,0.4,7.5,1.2,3.1
1626172,Kevon,Looney,48,28,19,23,0.632,6.2,7.5,2,0.6,0.7,2,0.6,0.9
203920,Khem,Birch,29,19,7,7,0.604,4.8,4.4,1.1,0.6,0.5,2,0.3,0.5
203114,Khris,Middleton,39,21,32,20,0.65,20.3,5.4,5.4,1.1,0.3,8.6,0.5,2.9
1630165,Killian,Hayes,18,41,38,19,0.305,6.3,3.2,4.3,1.1,0.5,4.1,0.3,1.8
1629681,Killian,Tillie,27,9,24,24,0.75,3.3,1.7,0.6,0.6,0.4,2.3,0.1,0.4
1630184,Kira,Lewis,6,18,6,2,0.25,5.9,1.6,2,0.5,0,3.6,0.1,1.1
202691,Klay,Thompson,14,14,32,29,0.5,18.9,4,2.7,0.6,0.6,9.8,0.1,1.3
1627739,Kris,Dunn,1,8,24,13,0.111,8.2,3,4.8,1.9,0.2,3.5,0,2
204001,Kristaps,Porzingis,23,22,2,4,0.511,19.8,7.8,2.2,0.8,1.7,8.2,0.7,1.6
203937,Kyle,Anderson,43,20,0,2,0.683,7.4,5.3,2.6,1.1,0.7,3.8,0.5,1
1629657,Kyle,Guy,15,4,20,23,0.789,3.9,0.9,0.9,0.4,0.1,2,0.2,0.7
1628398,Kyle,Kuzma,29,37,10,22,0.439,17.1,8.5,3.5,0.6,0.9,7.8,0.9,2.6
200768,Kyle,Lowry,37,22,14,42,0.627,13.1,4.6,7.5,1.1,0.3,5.6,0.4,2.7
202681,Kyrie,Irving,9,13,46,19,0.409,27.1,4.4,5.7,1.3,0.7,10.6,0.4,2.3
200746,LaMarcus,Aldridge,24,21,27,18,0.533,13.5,5.6,0.9,0.3,1,4.5,0.3,0.9
1630163,LaMelo,Ball,35,34,4,9,0.507,20,6.8,7.4,1.6,0.4,9.7,0.5,3.1
1630205,Lamar,Stevens,33,23,16,21,0.589,5.7,2.4,0.7,0.5,0.3,2.5,0.4,0.6
202362,Lance,Stephenson,11,29,14,25,0.275,8.4,2.9,3.5,0.5,0.1,3.9,0.4,1.6
1629013,Landry,Shamet,50,12,31,19,0.806,8.1,1.8,1.6,0.4,0.1,4.1,0.2,0.6
204038,Langston,Galloway,4,3,2,1,0.571,2,2.6,1.7,0.1,0,2.8,0,0.9
1626204,Larry,Nance,15,24,20,19,0.385,6.9,5.6,1.9,1,0.4,2.6,0.4,0.7
1628374,Lauri,Markkanen,30,24,12,19,0.556,14.6,5.6,1.4,0.8,0.5,6.5,0.4,0.9
2544,LeBron,James,25,30,40,21,0.455,30.1,8.2,6.3,1.3,1.1,10.4,1.4,3.5
1630195,Leandro,Bolmaro,19,14,51,21,0.576,1.2,1.2,0.5,0.2,0,0.9,0,0.4
1629623,Lindell,Wigginton,10,6,37,14,0.625,3.1,1.1,0.6,0.2,0.1,1.2,0.6,0.5
1630322,Lindy,Waters,4,16,9,4,0.2,6.5,2.7,0.9,0.7,0.4,3.8,0,0.4
1629022,Lonnie,Walker,24,41,15,20,0.369,12.2,2.5,2.1,0.6,0.3,6.5,0.5,1
1628366,Lonzo,Ball,22,13,35,16,0.629,13,5.4,5.1,1.8,0.9,6.3,0.2,2.3
101150,Lou,Williams,31,22,31,35,0.585,6.5,1.6,1.9,0.5,0.1,3.5,0.2,0.8
1629663,Louis,King,2,8,15,16,0.2,4.5,1.2,0.9,0.2,0.1,3.2,0.3,0
1629652,Luguentz,Dort,17,34,45,9,0.333,17.2,4.2,1.7,0.9,0.4,8.5,0.5,1.7
1629029,Luka,Doncic,38,20,11,35,0.655,27.9,9.1,8.5,1.2,0.5,11.8,2,4.5
1630568,Luka,Garza,3,28,30,17,0.097,5.4,2.9,0.5,0.3,0.2,2.3,0.6,0.5
1628379,Luke,Kennard,30,34,41,28,0.469,11.5,3.3,2.1,0.6,0.1,5,0.1,0.9
1628436,Luke,Kornet,8,3,19,26,0.727,1.3,1.4,0.4,0.2,0.1,1,0.2,0
1630640,MJ,Walker,1,1,8,35,0.5,0,0.5,0.5,1,0,2,0,0
1630644,Mac,McClung,1,0,33,27,1,2,0,0,0,0,0,0,1
1630201,Malachi,Flynn,22,18,22,25,0.55,4.3,1.4,1.6,0.5,0.1,2.4,0.2,0.3
1627763,Malcolm,Brogdon,14,22,14,18,0.389,19.1,5.1,5.9,0.8,0.4,8.3,0.6,2.1
1630792,Malcolm,Hill,7,10,27,21,0.412,4.1,1.9,0.3,0.4,0.2,1.5,0.2,0.1
1627736,Malik,Beasley,43,31,3,4,0.581,12.1,2.9,1.5,0.5,0.1,6.6,0.1,0.6
1630238,Malik,Fitts,10,2,11,10,0.833,0.8,1.1,0,0,0,0.8,0,0.2
1628370,Malik,Monk,30,38,21,12,0.441,13.2,3.3,2.7,0.8,0.4,5.6,0.3,1.4
1629005,Malik,Newman,0,1,22,48,0,8,1,1,0,0,2,0,1
1629603,Mamadi,Diakite,4,9,16,21,0.308,4.3,4.5,0.2,0.4,0.7,1.7,0.3,0.5
1630585,Marcus,Garrett,11,1,35,29,0.917,1.1,1.9,0.6,0.4,0.3,1.4,0.2,0.2
202694,Marcus,Morris,22,27,23,9,0.449,15.7,4.5,2.1,0.5,0.3,7.4,0.4,1.3
203935,Marcus,Smart,43,22,9,9,0.662,12.2,3.9,5.8,1.7,0.3,5.9,0.6,2.2
1628365,Markelle,Fultz,4,8,20,26,0.333,9.6,2.4,4.3,1,0.3,4.8,0.4,2
202693,Markieff,Morris,9,7,17,13,0.563,7.4,2.6,1.2,0.2,0.1,3.4,0.1,1.3
1630250,Marko,Simonovic,4,5,44,23,0.444,1.9,1.1,0,0.1,0.1,1.3,0.3,0.2
1630210,Markus,Howard,16,13,26,19,0.552,3.5,0.3,0.2,0.3,0,1.7,0.1,0.2
1627737,Marquese,Chriss,19,9,47,25,0.679,4.6,3.3,0.5,0.4,0.4,2.1,0.3,0.6
1628963,Marvin,Bagley,16,30,26,44,0.348,11.3,7.1,0.7,0.5,0.4,4.7,0.7,0.8
1630222,Mason,Jones,0,2,3,1,0,2.5,1,0,0.5,0,3,0.5,0.5
203486,Mason,Plumlee,36,31,32,37,0.537,6.5,8,3.1,0.9,0.7,1.6,1.5,1.3
1629680,Matisse,Thybulle,38,21,8,5,0.644,5.9,2.3,1.1,1.7,1.1,2.3,0.1,0.6
1629760,Matt,Mooney,1,0,18,25,1,0,0,0,1,0,1,0,1
1629744,Matt,Thomas,23,17,36,26,0.575,4,1.3,0.5,0.2,0.1,2,0.1,0.2
203090,Maurice,Harkless,15,32,31,19,0.319,4.6,2.4,0.5,0.6,0.5,2.1,0.2,0.7
1629622,Max,Strus,41,22,10,11,0.651,10.4,3,1.4,0.3,0.2,4.7,0.2,0.8
1628467,Maxi,Kleber,34,22,12,16,0.607,7,5.9,1.2,0.5,1,3.6,0.4,0.8
1630593,McKinley,Wright,3,0,36,14,1,1.7,0,0.3,0,0,0.3,0,0.3
1630695,Micah,Potter,2,1,27,25,0.667,4,3,0,0.3,0.3,2,0,0.3
1629008,Michael,Porter,5,4,31,33,0.556,9.9,6.6,1.9,1.1,0.2,7.3,0.4,1.3
1628969,Mikal,Bridges,61,14,21,35,0.813,14.2,4.3,2.3,1.2,0.5,4.9,0.4,0.8
201144,Mike,Conley,41,25,44,25,0.621,13.4,3,5.3,1.3,0.3,6.2,0.4,1.7
203488,Mike,Muscala,15,28,25,12,0.349,8,3,0.5,0.4,0.6,3.2,0.2,0.3
1628970,Miles,Bridges,37,37,2,3,0.5,20.1,7.1,3.8,1,0.9,7.8,0.8,1.9
1630540,Miles,McBride,17,19,26,12,0.472,2.1,1.1,1.1,0.4,0,1.8,0.1,0.1
1629011,Mitchell,Robinson,31,38,30,41,0.449,8.5,8.6,0.5,0.8,1.8,1.2,1.3,0.8
1629671,Miye,Oni,15,1,31,37,0.938,0.3,0.4,0.3,0,0,0.5,0.1,0.1
1628964,Mo,Bamba,17,48,38,16,0.262,10.4,8,1.1,0.6,1.6,4.5,0.2,1.2
1628420,Monte,Morris,41,29,38,18,0.586,12.7,3,4.4,0.7,0.2,5.3,0.2,1
1626149,Montrezl,Harrell,32,34,17,9,0.485,13.4,6.3,2,0.4,0.6,2.8,1.2,1
1629021,Moritz,Wagner,14,43,13,14,0.246,8.6,3.3,1.3,0.3,0.2,3,0.4,0.8
1629650,Moses,Brown,17,16,33,33,0.515,3,2.2,0,0.2,0.4,0.9,0.6,0.4
1630541,Moses,Moody,32,16,31,30,0.667,4.5,1.6,0.4,0.1,0.2,2.1,0.2,0.3
1630589,Moses,Wright,2,0,13,10,1,1.5,0.5,0.5,0,0,1,0,0
1628539,Mychal,Mulder,2,13,8,12,0.133,3.7,1.4,0.2,0.3,0.1,3.2,0,0.5
1629619,Myles,Powell,8,3,20,31,0.727,1.2,0.5,0.3,0.1,0,1,0,0.3
1626167,Myles,Turner,15,27,41,31,0.357,12.9,7.1,1,0.7,2.8,4.6,0.6,1.3
1630230,Naji,Marshall,19,29,28,17,0.396,5.4,2.7,1,0.6,0.1,3,0.4,0.8
1629642,Nassir,Little,19,23,30,34,0.452,9.8,5.6,1.3,0.6,0.9,4,0.6,1
1630207,Nate,Hinton,0,2,0,2,0,0,0,0,0,0,0.5,0,0.5
1630233,Nathan,Knight,22,14,8,6,0.611,3.4,2.1,0.5,0.2,0.2,1,0.4,0.5
1629675,Naz,Reid,39,32,38,27,0.549,8.3,3.9,0.9,0.5,0.9,3.1,0.5,1
1629674,Neemias,Queta,3,9,43,24,0.25,2,1.7,0.3,0.1,0.3,1.2,0.3,0.3
202357,Nemanja,Bjelica,43,22,18,8,0.662,5.9,4,2.1,0.6,0.4,2.6,0.3,1.2
203457,Nerlens,Noel,10,15,29,32,0.4,3.4,5.6,0.9,1.2,1.2,1.1,0.4,0.8
1629651,Nic,Claxton,19,21,23,45,0.475,8.7,5.5,0.9,0.5,1.2,1.9,0.8,0.8
1630208,Nick,Richards,24,23,42,28,0.511,3.1,1.7,0.3,0.2,0.4,0.6,0.3,0.5
1629638,Nickeil,Alexander-Walker,26,36,0,7,0.419,11,3,2.5,0.7,0.4,6.8,0.4,1.5
201587,Nicolas,Batum,27,27,29,23,0.5,8.3,4.3,1.6,0.9,0.7,3.6,0.2,0.7
203917,Nik,Stauskas,7,1,3,10,0.875,2.3,0.4,0.3,0,0,1.2,0.3,0.1
203999,Nikola,Jokic,43,26,34,37,0.623,26.3,13.6,8,1.4,0.9,7.3,1.2,3.7
202696,Nikola,Vucevic,39,28,10,11,0.582,17.9,11.3,3.3,1,1,8.3,0.4,1.9
1626181,Norman,Powell,13,30,29,26,0.302,18.8,3.3,2.2,1,0.4,7.4,1,1.6
203658,Norvel,Pelle,0,3,3,13,0,2,2,0,0,0.3,0.7,0,0.7
1628384,OG,Anunoby,29,16,9,9,0.644,17.3,5.4,2.6,1.5,0.6,8.3,0.7,1.6
1630167,Obi,Toppin,29,37,6,5,0.439,7.7,3.6,0.9,0.3,0.4,2.8,0.4,0.7
1630846,Olivier,Sarr,4,14,51,20,0.222,5.1,3.4,0.7,0.3,0.4,1.6,0.3,0.9
1630209,Omer,Yurtseven,36,16,29,34,0.692,5.4,5.3,0.9,0.3,0.4,2.1,0.4,0.8
1630168,Onyeka,Okongwu,21,20,52,19,0.512,8.4,5.6,1,0.6,1.3,1.5,0.6,1
1629052,Oshae,Brissett,19,43,29,28,0.306,8.5,5.2,0.9,0.6,0.5,4.2,0.7,0.7
203490,Otto,Porter,38,21,30,35,0.644,8.3,5.7,1.6,1.1,0.5,3.5,0.2,0.6
1628408,P.J.,Dozier,9,9,20,24,0.5,5.4,3.5,1.6,0.6,0.3,3.5,0.1,0.7
200782,P.J.,Tucker,42,26,14,34,0.618,7.7,5.4,2.1,0.8,0.2,3.1,0.3,0.9
1629023,P.J.,Washington,29,30,19,51,0.492,10.2,5.3,2.2,0.9,0.9,4.5,0.4,1.2
1628238,Paris,Bass,2,0,18,12,1,3,2,0,0.5,0,2,0,1
1627783,Pascal,Siakam,35,27,10,8,0.565,22.5,8.3,5.1,1.2,0.6,8.8,1.4,2.7
1626192,Pat,Connaughton,36,22,15,41,0.621,10.3,4.4,1.2,0.9,0.2,4.1,0.2,0.6
201976,Patrick,Beverley,31,23,28,28,0.574,9.3,4.2,4.6,1.1,0.9,4.5,0.6,1.3
1630172,Patrick,Williams,6,4,24,17,0.6,5.2,2.5,0.6,0.6,0.3,2.2,0.4,0.6
201988,Patty,Mills,39,35,39,18,0.527,11.9,2,2.3,0.6,0.2,6,0.2,0.9
202331,Paul,George,14,12,16,19,0.538,24.7,7.1,5.5,2,0.4,12.4,0.5,4.2
200794,Paul,Millsap,22,10,46,17,0.688,3.6,3.6,0.9,0.3,0.4,2.2,0.3,0.6
1630194,Paul,Reed,18,15,27,7,0.545,2.3,2.2,0.4,0.7,0.4,1.1,0.2,0.2
1628778,Paul,Watson,2,7,7,14,0.222,3.4,3,0.9,0.3,0.3,2.6,0.1,0.4
1630202,Payton,Pritchard,42,23,19,14,0.646,5.9,1.8,2,0.3,0.1,2.9,0,0.6
1627822,Petr,Cornelie,3,10,41,30,0.231,1.1,1.1,0.2,0.1,0.1,0.8,0.1,0.3
1630173,Precious,Achiuwa,41,25,2,1,0.621,8.9,6.8,1.1,0.5,0.6,4.6,0.7,1.1
1629656,Quentin,Grimes,20,25,25,36,0.444,6.1,2,0.9,0.7,0.2,3,0.1,0.6
1629683,Quinndary,Weatherspoon,6,3,37,26,0.667,3.3,1.6,0.4,0.1,0.1,0.9,0,0.3
1630181,R.J.,Hampton,13,45,14,37,0.224,7.3,2.9,2.3,0.7,0.2,4.1,0.7,1.3
1629628,RJ,Barrett,31,34,26,32,0.477,20,5.9,2.9,0.6,0.2,10,1.6,2.1
1630612,RJ,Nembhard,5,7,13,53,0.417,1.3,0.4,0.9,0,0,0.8,0,0.2
200765,Rajon,Rondo,15,20,6,1,0.429,4.9,2.9,4.2,0.7,0.2,2.9,0.2,1.8
203526,Raul,Neto,27,36,33,36,0.429,7.9,2.1,3.3,0.8,0,3.6,0.4,1.2
1629730,Rayjon,Tucker,1,2,3,1,0.333,2,1.3,1.3,0.3,0,0.4,0.3,0
203493,Reggie,Bullock,38,23,13,6,0.623,8.4,3.6,1.2,0.6,0.2,4.5,0.1,0.6
202704,Reggie,Jackson,34,36,29,16,0.486,16.9,3.7,4.8,0.7,0.2,9.8,0.4,2.3
1629617,Reggie,Perry,0,3,39,26,0,4.3,2.7,0.7,0.3,0,1.6,0,0.3
1626158,Richaun,Holmes,16,29,15,26,0.356,10.4,7,1.1,0.4,0.9,2.3,0.4,1.2
201937,Ricky,Rubio,20,14,45,22,0.588,13.1,4.1,6.6,1.4,0.2,7.7,0.4,2.6
1630306,Rob,Edwards,0,2,26,35,0,1.5,1.5,0,0,0,1.5,0,0.5
203496,Robert,Covington,28,36,10,3,0.438,8,5.6,1.3,1.5,1.3,4.1,0.1,1.1
1629057,Robert,Williams,40,21,16,30,0.656,10,9.6,2,0.9,2.2,1.6,0.4,1
1630218,Robert,Woodard,0,12,32,37,0,0.6,0.9,0.3,0.1,0.1,1.1,0,0.1
201577,Robin,Lopez,7,23,30,38,0.233,7.4,3.7,1.5,0,0.5,2.5,0.6,1.3
203918,Rodney,Hood,26,22,37,20,0.542,3.1,1.5,0.7,0.3,0.1,2,0.1,0.2
203585,Rodney,McGruder,12,35,20,45,0.255,4.7,2.1,0.9,0.4,0.1,2.4,0.1,0.4
1629641,Romeo,Langford,23,22,9,8,0.511,4.8,2.3,0.4,0.5,0.4,2.4,0.3,0.4
1626220,Royce,O'Neale,43,28,2,8,0.606,7.7,4.9,2.5,1.2,0.5,3,0.1,1
200752,Rudy,Gay,31,20,3,5,0.608,8.1,4.4,1,0.5,0.3,4.2,0.3,0.8
203497,Rudy,Gobert,38,21,5,0,0.644,15.3,14.6,1.1,0.6,2.1,2.2,1.9,1.7
1629060,Rui,Hachimura,13,21,42,28,0.382,10.1,3.5,1,0.6,0.1,4.1,0.4,0.8
201566,Russell,Westbrook,31,42,38,20,0.425,18.2,7.5,7.2,1,0.3,8.8,1.7,3.8
1627853,Ryan,Arcidiacono,5,1,44,18,0.833,1,0.2,0,0,0,0.2,0,0
1630240,Saben,Lee,7,27,25,33,0.206,5.1,2.2,2.4,0.9,0.3,2.8,0.4,0.8
1630180,Saddiq,Bey,20,55,15,27,0.267,16.3,5.7,2.9,0.9,0.2,8.5,0.6,1.2
1626155,Sam,Dekker,1,0,29,18,1,0,0,0,0,0,0,0,0
1630573,Sam,Hauser,17,5,33,17,0.773,2.2,0.9,0.2,0,0.1,0.9,0,0.1
1630241,Sam,Merrill,2,4,36,27,0.333,4.2,1.2,0.7,0,0,2.7,0.4,0.3
1630572,Sandro,Mamukelashvili,20,17,15,22,0.541,3.1,1.8,0.4,0.2,0.2,1.3,0.1,0.3
1630583,Santi,Aldama,19,10,13,13,0.655,3.2,2.3,0.5,0.1,0.3,2.2,0.3,0.4
1630567,Scottie,Barnes,38,29,22,8,0.567,15.3,7.6,3.5,1.1,0.8,6.5,0.8,1.9
1630575,Scottie,Lewis,1,1,17,13,0.5,0.5,0,0.5,0.5,0,0,0.5,0
203816,Scotty,Hopson,0,1,35,27,0,4,1,1,0,0,2,0,2
1629635,Sekou,Doumbouya,0,2,10,13,0,7,3,0,1.5,1,1.5,0.5,1
1628400,Semi,Ojeleye,14,16,27,27,0.467,3.3,2.5,0.3,0.2,0.2,2.3,0.2,0.3
201586,Serge,Ibaka,28,23,10,24,0.549,6.8,4.6,0.9,0.2,0.6,2.8,0.3,0.8
203552,Seth,Curry,35,25,7,26,0.583,15.1,3.2,3.7,0.8,0.2,6,0.1,1.8
1628983,Shai,Gilgeous-Alexander,16,40,11,4,0.286,24.5,5,5.9,1.3,0.8,10.3,1.3,2.8
1629003,Shake,Milton,29,18,11,7,0.617,8,2.7,2.5,0.5,0.3,4.4,0.2,0.9
1629783,Shaq,Buchanan,2,0,11,21,1,1,1,1,0.5,0,1.5,0,1
1627885,Shaquille,Harrison,1,1,29,25,0.5,2,2,1.5,0.5,0.5,2,0,1
1630536,Sharife,Cooper,6,5,29,10,0.545,0.6,0.5,0.5,0,0,1,0,0.5
1630219,Skylar,Mays,14,11,2,9,0.56,3.2,1,0.6,0.3,0,1.2,0.1,0.4
203524,Solomon,Hill,7,6,25,33,0.538,0.6,1.8,0.9,0.3,0.2,1.3,0,0.1
203915,Spencer,Dinwiddie,33,28,41,20,0.541,14,4.4,5.3,0.7,0.2,6.7,0.8,1.5
1626169,Stanley,Johnson,14,26,36,34,0.35,6.2,3.1,1.7,0.9,0.3,2.6,0.3,0.6
201939,Stephen,Curry,45,19,13,2,0.703,25.5,5.2,6.3,1.3,0.4,10.7,0.4,3.2
1628425,Sterling,Brown,30,18,1,0,0.625,3.2,3,0.7,0.3,0.1,1.9,0,0.5
203500,Steven,Adams,49,23,9,10,0.681,7.1,10,3.3,0.9,0.8,2.4,1.2,1.5
1629004,Svi,Mykhailiuk,28,26,13,20,0.519,4.6,1.7,0.8,0.4,0.1,2.6,0.1,0.6
204456,T.J.,McConnell,9,15,8,2,0.375,8.4,3.3,4.8,1,0.4,3.7,0.1,1.2
1629605,Tacko,Fall,4,7,28,13,0.364,1.1,2.1,0.2,0,0.5,0.6,0.4,0.3
201959,Taj,Gibson,21,26,13,33,0.447,4.3,4.4,0.6,0.4,0.8,1.4,0.2,0.5
1629659,Talen,Horton-Tucker,21,32,21,33,0.396,9.3,3.2,2.6,0.9,0.5,5.1,0.4,1.4
1627752,Taurean,Prince,37,27,9,12,0.578,7.3,2.5,0.9,0.7,0.3,3,0.2,0.8
1629611,Terance,Mann,35,39,17,24,0.473,10.8,5.5,2.6,0.7,0.2,4.5,0.5,1
1629056,Terence,Davis,11,19,33,25,0.367,10.4,3.1,1.3,0.8,0.4,5.1,0.3,1.1
203082,Terrence,Ross,14,47,37,19,0.23,10.1,2.6,1.9,0.5,0.2,5.4,0.2,1.2
1626179,Terry,Rozier,34,33,1,0,0.507,19.5,4.3,4.4,1.3,0.4,9,0.3,1.4
1630678,Terry,Taylor,7,20,29,24,0.259,9,5.3,1.2,0.3,0.2,2.2,0.5,0.6
201152,Thaddeus,Young,22,23,20,27,0.489,6.2,3.9,2,1,0.4,2.4,0.5,1.1
203648,Thanasis,Antetokounmpo,24,20,31,28,0.545,2.8,2.1,0.4,0.3,0.2,1.1,0.3,0.5
1630177,Theo,Maledon,13,35,4,6,0.271,6.4,2.4,1.9,0.6,0.2,3.7,0.4,1.2
1629033,Theo,Pinson,11,5,24,26,0.688,1.8,1.2,0.8,0.3,0.1,1.4,0,0.1
1628418,Thomas,Bryant,7,16,26,32,0.304,8.3,4,1,0.3,0.8,2.8,0.2,0.8
204025,Tim,Frazier,1,11,30,12,0.083,3.3,1.6,2.8,0.3,0.1,2.6,0.4,1.3
203501,Tim,Hardaway,24,18,29,32,0.571,14.2,3.7,2.2,0.9,0.1,7.6,0.6,0.8
1627789,Timothe,Luwawu-Cabarrot,26,20,1,1,0.565,4.1,1.4,0.7,0.3,0.1,2.1,0.1,0.4
202699,Tobias,Harris,40,25,1,1,0.615,17.5,6.9,3.4,0.6,0.6,7.3,0.5,1.6
203107,Tomas,Satoransky,18,29,1,1,0.383,3.4,2.1,2.5,0.6,0.1,2.2,0.2,0.7
1628396,Tony,Bradley,27,24,1,1,0.529,2.8,3.4,0.5,0.2,0.6,0.9,0.2,0.6
203503,Tony,Snell,18,31,1,1,0.367,3.4,2,0.5,0.3,0.2,1.9,0,0.4
1628470,Torrey,Craig,33,38,1,1,0.465,6.5,4.1,1.2,0.5,0.5,3.1,0.2,0.9
1629027,Trae,Young,35,34,1,1,0.507,28,3.8,9.6,1,0.1,10.9,0.7,4
1629309,Trayvon,Palmer,0,1,1,1,0,0,2,0,0,0,1,0,1
1630200,Tre,Jones,29,33,1,1,0.468,5.2,2.1,3,0.5,0.1,2.3,0.2,0.7
1630544,Tre,Mann,17,43,1,1,0.283,10.4,2.9,1.5,0.8,0.2,5.9,0.3,1.2
1629682,Tremont,Waters,0,3,1,1,0,3.3,1.3,2.3,1.7,0,3.4,0,1.3
1630570,Trendon,Watford,16,32,1,1,0.333,7.6,4.1,1.7,0.5,0.6,2.6,0.5,0.9
1630235,Trent,Forrest,35,23,1,1,0.603,3.3,1.7,1.7,0.5,0.1,1.3,0.1,0.8
1630243,Trevelin,Queen,1,9,1,1,0.1,4.3,1.6,0.4,0.5,0.1,1.8,0,0.7
1630286,Trevon,Scott,1,1,1,1,0.5,3,1,0,0.5,0.5,1.5,0,0
2772,Trevor,Ariza,8,14,1,1,0.364,3.8,3.2,1,0.5,0.2,2.4,0.3,0.5
203504,Trey,Burke,21,18,1,1,0.538,5.3,0.8,1.3,0.3,0,3.2,0.1,0.7
1626168,Trey,Lyles,16,53,1,1,0.232,10.3,5.1,1.2,0.4,0.4,4,0.6,1
1630530,Trey,Murphy,27,28,1,1,0.491,4.9,2.2,0.7,0.3,0.1,2.5,0.1,0.2
202684,Tristan,Thompson,17,33,1,1,0.34,6.1,5.1,0.6,0.4,0.4,2.2,1,0.9
1628972,Troy,Brown,36,25,1,1,0.59,4.2,3,0.9,0.5,0.1,2.3,0.1,0.4
1629660,Ty,Jerome,15,33,1,1,0.313,7.1,1.6,2.3,0.6,0.1,4.2,0.2,0.8
1629076,Tyler,Cook,12,7,1,1,0.632,3.4,2.7,0.2,0.2,0.2,0.7,0.5,0.4
1629788,Tyler,Hall,1,0,1,1,1,0,0,0,0,0,0,0,0
1629639,Tyler,Herro,39,22,1,1,0.639,20.8,4.8,3.9,0.7,0.1,9.5,0.5,2.6
204020,Tyler,Johnson,2,4,1,1,0.333,2.8,2,1.2,0.5,0.5,2.3,0,0.3
1630179,Tyrell,Terry,2,0,1,1,1,1,0,0,0,0,0,0,0
1630169,Tyrese,Haliburton,26,45,1,1,0.366,14.9,4,8.1,1.7,0.6,6.3,0.4,2.6
1630178,Tyrese,Maxey,40,27,1,1,0.597,17.4,3.4,4.3,0.7,0.4,7,0.4,1.1
1627820,Tyrone,Wallace,4,2,1,1,0.667,2.8,1.3,0.2,0.5,0.2,2.1,0.6,0.3
1626145,Tyus,Jones,49,20,1,1,0.71,8.4,2.4,4.4,0.9,0,4,0.2,0.6
1628962,Udoka,Azubuike,11,6,1,1,0.647,4.7,4.2,0,0.1,0.6,0.7,0.2,0.7
2617,Udonis,Haslem,9,2,1,1,0.818,2.7,1.7,0.3,0.1,0.1,1.1,0,0.4
1630586,Usman,Garuba,2,16,1,1,0.111,1.5,2.3,0.5,0.4,0.4,0.9,0,0.2
1630176,Vernon,Carey,3,2,1,1,0.6,1.6,1,0,0.2,0,0.6,0.2,0.2
203506,Victor,Oladipo,3,3,1,1,0.5,6.3,1.7,2.8,0.2,0.2,4.2,0.3,1.2
1630249,Vit,Krejci,6,17,1,1,0.261,5.1,2.8,1.3,0.5,0.2,2.2,0.1,0.7
1628427,Vlatko,Cancar,7,7,1,1,0.5,4.3,1.6,0.9,0.1,0.2,1.2,0.3,0.6
201961,Wayne,Ellington,13,27,1,1,0.325,6.3,1.7,0.7,0.6,0.1,3.1,0,0.4
1627782,Wayne,Selden,2,1,1,1,0.667,1.7,0.3,0.3,0,0,1,0.6,0
1628976,Wendell,Carter,16,46,1,1,0.258,15,10.5,2.8,0.6,0.7,5.2,1,1.9
1629117,Wenyen,Gabriel,6,12,1,1,0.333,4.6,3.4,0.4,0.3,0.3,2.4,0.6,0.5
1628411,Wes,Iwundu,2,1,1,1,0.667,7.3,4.3,0,0.3,0,3.3,0.3,0.3
202083,Wesley,Matthews,28,15,1,1,0.651,4.7,1.9,0.7,0.5,0.1,2.7,0.2,0.4
203115,Will,Barton,38,28,1,1,0.576,14.7,4.9,3.9,0.8,0.5,7.2,0.4,1.8
1626161,Willie,Cauley-Stein,12,8,1,1,0.6,1.7,2,0.5,0.3,0.2,1,0,0.4
1626195,Willy,Hernangomez,20,26,1,1,0.435,8.7,6.4,1.2,0.4,0.4,2.9,0.7,1
1629875,Xavier,Moon,3,3,1,1,0.5,5.5,1.5,1.7,0.8,0.2,3.4,0.2,0.5
1630270,Xavier,Sneed,4,2,1,1,0.667,0.8,0.7,0,0,0,0.9,0,0
1630214,Xavier,Tillman,33,15,1,1,0.688,4.6,3.1,1,0.9,0.3,2.1,0.5,0.7
1629139,Yuta,Watanabe,19,16,1,1,0.543,4.5,2.4,0.5,0.2,0.5,2.2,0.5,0.5
1630582,Yves,Pons,8,1,1,1,0.889,0.6,0.7,0,0,0,0.4,0.2,0
1628380,Zach,Collins,11,10,1,1,0.524,6.7,5,2,0.3,0.8,2.9,0.3,1.5
203897,Zach,LaVine,35,27,1,1,0.565,24.8,4.7,4.6,0.6,0.4,9.4,0.8,2.6
1630192,Zeke,Nnaji,24,16,1,1,0.6,6.6,3.6,0.4,0.4,0.3,2,0.6,0.6
1630533,Ziaire,Williams,38,18,1,1,0.679,7.5,2.1,1,0.5,0.2,3.5,0.2,0.7
1629597,Zylan,Cheatham,0,1,1,1,0,0,0,0,0,0,3,0,0
